user_id,book_id,rating
1,64,2
1,52,3
1,32,5
1,19,4
1,84,5
1,89,4
1,1,5
1,97,4
1,99,5
1,14,5
1,100,4
1,55,4
1,29,4
1,23,5
1,90,4
1,67,5
1,60,4
2,58,2
2,34,3
2,97,3
2,32,3
2,82,3
2,36,4
2,99,3
2,100,4
2,67,2
2,63,5
2,81,3
2,31,5
2,57,5
2,10,1
2,92,5
2,37,4
2,35,4
2,43,5
2,41,3
2,70,3
3,69,5
3,96,5
3,95,4
3,70,5
3,78,4
3,29,4
3,63,2
3,35,4
3,56,5
3,4,3
3,50,3
3,44,3
3,86,4
3,87,3
3,52,5
3,93,3
3,22,5
3,60,4
4,61,4
4,3,5
4,96,4
4,70,5
4,7,5
4,45,3
4,29,1
5,31,3
5,17,3
5,61,4
5,86,5
5,15,4
5,73,5
5,28,3
5,60,3
5,90,4
6,74,3
6,87,4
6,49,5
6,51,5
6,92,4
6,26,1
6,10,4
6,76,4
6,89,2
6,81,4
6,32,1
6,14,4
6,90,4
6,99,4
7,82,3
7,59,5
7,91,5
7,20,2
7,56,5
7,23,3
7,94,4
7,67,4
7,84,3
7,35,1
7,79,5
7,69,3
7,100,3
7,62,5
7,60,3
7,76,5
8,72,4
8,2,4
8,67,1
8,25,3
8,11,4
8,31,3
8,93,4
8,53,3
8,63,4
8,98,3
8,89,5
8,61,4
8,83,3
9,35,4
9,40,5
9,33,5
9,30,3
9,16,3
9,93,3
9,25,4
9,41,2
9,96,1
9,69,2
9,98,3
9,89,5
9,24,4
9,28,5
9,95,2
9,62,1
9,36,3
9,76,4
9,68,3
10,33,2
10,62,4
10,15,2
10,9,2
10,52,4
10,63,3
11,16,5
11,72,3
11,98,4
11,54,4
11,78,4
11,77,2
11,80,5
11,29,2
11,100,5
11,67,4
11,49,3
11,58,2
12,23,3
12,71,4
12,10,4
12,21,4
12,1,4
12,53,5
12,58,5
12,89,4
12,77,4
12,61,5
12,38,4
12,5,4
13,35,5
13,19,4
13,10,4
13,8,3
13,22,4
13,40,3
13,77,4
13,96,4
13,73,4
14,95,4
14,42,5
14,78,3
14,33,4
14,4,4
14,12,4
14,30,2
14,87,3
14,74,3
14,76,4
14,3,5
14,98,3
14,35,4
14,6,3
14,97,5
14,23,5
14,61,4
14,67,4
15,33,4
15,42,4
15,15,4
15,99,2
15,52,3
15,66,2
15,1,3
15,85,5
15,70,4
15,60,1
15,53,4
15,7,5
15,25,4
15,67,3
15,47,1
16,12,4
16,29,3
16,15,5
16,60,4
16,16,5
16,83,5
16,20,3
16,64,5
16,92,4
16,38,5
16,66,4
16,91,5
16,35,3
16,54,3
16,62,4
16,61,5
16,32,4
16,59,2
17,45,4
17,43,5
17,71,3
17,98,4
17,70,5
17,49,5
17,59,4
17,42,1
17,25,4
17,90,4
17,31,5
17,74,5
17,50,4
17,30,4
17,100,4
17,53,4
17,6,4
17,41,4
17,96,3
17,61,4
18,44,5
18,80,4
18,89,4
18,51,4
18,84,3
18,11,4
18,43,3
18,87,3
18,69,2
18,49,5
18,41,5
18,81,4
18,92,2
19,89,2
19,39,4
19,4,4
19,6,5
19,42,3
19,8,2
19,38,5
19,46,4
19,48,3
19,56,5
20,30,4
20,60,2
20,82,5
20,33,5
20,59,3
20,86,5
20,2,4
20,37,4
20,87,3
21,62,5
21,14,5
21,31,4
21,49,5
21,74,5
21,46,5
21,38,3
21,90,5
21,3,3
21,85,3
21,51,3
21,36,5
21,2,5
21,73,4
21,88,2
21,100,2
21,96,4
22,40,2
22,57,5
22,5,3
22,75,4
22,47,3
22,94,5
23,68,4
23,65,5
23,35,5
23,22,5
23,33,3
23,62,5
23,38,1
23,96,4
23,44,4
23,15,4
23,60,4
23,10,4
23,19,5
23,97,5
23,29,2
23,87,3
24,80,4
24,72,4
24,42,4
24,79,4
24,29,4
25,18,5
25,6,2
25,5,4
25,39,4
25,64,4
25,15,5
25,13,4
25,31,4
26,54,3
26,84,4
26,13,5
26,63,5
26,79,2
26,53,4
26,36,4
26,5,5
26,89,3
27,36,2
27,25,5
27,16,3
27,59,3
27,12,5
27,85,3
27,28,2
27,83,5
27,82,1
27,77,5
27,3,2
27,7,2
27,43,3
27,32,3
27,17,4
27,73,1
27,27,1
28,76,2
28,42,4
28,3,3
28,23,4
28,34,4
28,7,3
28,17,4
28,95,4
28,54,5
28,68,4
28,15,3
28,96,4
29,8,2
29,62,4
29,52,4
29,55,5
29,88,3
30,9,3
30,17,4
30,36,3
30,80,4
30,82,4
30,75,5
30,71,2
30,92,4
30,42,5
31,56,4
31,58,4
31,30,3
31,53,3
31,44,5
31,59,2
31,52,5
31,54,2
31,94,2
31,13,4
31,41,5
32,76,3
32,72,4
32,43,5
32,86,5
32,16,4
32,53,5
33,46,3
33,14,3
33,74,4
33,65,4
33,28,5
33,20,4
33,85,4
33,62,4
33,29,4
33,45,4
33,72,4
33,48,1
33,15,3
33,98,5
34,45,3
34,1,4
34,24,3
34,19,3
34,73,3
34,85,5
34,52,4
34,9,5
34,95,3
34,82,5
34,4,1
34,12,2
34,96,4
34,68,4
34,28,4
35,35,2
35,28,3
35,97,5
35,66,5
35,15,5
35,45,3
35,56,2
35,37,4
35,87,4
35,76,2
35,63,4
35,68,3
35,86,4
35,40,4
35,6,3
35,29,3
35,51,4
35,77,4
36,10,5
36,41,3
36,74,4
36,55,4
36,52,3
36,91,3
36,82,3
36,54,3
36,38,3
36,15,4
36,3,2
36,42,4
36,22,5
36,80,3
36,59,4
36,89,5
36,47,5
36,12,3
36,56,2
37,23,4
37,78,4
37,20,4
37,98,5
37,84,4
37,10,5
37,99,3
37,81,5
37,64,3
37,60,4
37,97,4
38,36,4
38,76,4
38,8,4
38,46,4
38,65,5
38,10,5
38,40,4
38,60,5
38,58,4
38,5,3
38,48,4
38,37,3
38,83,2
38,12,2
39,92,5
39,11,3
39,65,5
39,83,4
39,23,2
39,6,4
39,32,3
39,91,3
39,57,4
39,68,3
39,67,3
39,79,5
39,21,5
39,47,4
39,48,3
40,75,4
40,85,2
40,19,4
40,45,2
40,40,4
40,84,4
40,90,3
41,86,3
41,90,3
41,95,3
41,88,3
41,68,5
41,12,4
41,83,3
41,55,2
41,66,2
42,65,5
42,99,4
42,70,4
42,95,3
42,68,3
42,5,4
42,85,4
42,44,5
43,6,5
43,53,4
43,47,3
43,87,3
43,93,4
43,31,5
43,57,5
43,79,5
43,37,2
43,97,3
43,96,4
43,58,5
43,30,4
43,69,2
43,40,5
43,61,5
43,25,3
43,48,5
43,74,3
44,56,4
44,12,3
44,29,5
44,58,3
44,45,1
44,4,5
44,54,5
44,7,4
44,51,5
45,5,1
45,37,2
45,61,3
45,90,5
45,18,4
45,98,4
45,91,4
45,58,2
45,79,3
46,16,4
46,7,3
46,31,2
46,54,4
46,82,4
46,80,3
46,59,4
46,9,4
46,15,2
46,64,5
46,77,2
46,69,4
46,3,4
46,81,5
47,50,3
47,61,1
47,6,5
47,82,3
47,48,4
48,99,4
48,75,5
48,95,3
48,97,5
48,43,4
48,18,4
48,6,4
48,46,5
49,92,5
49,100,5
49,59,3
49,5,3
49,38,3
49,26,5
49,6,4
50,97,1
50,83,4
50,25,3
50,37,5
50,46,4
50,100,4
51,50,4
51,44,4
51,24,3
51,64,4
51,89,4
51,48,4
51,67,5
51,35,4
51,11,4
51,94,4
51,55,5
51,56,2
51,78,4
51,70,4
51,38,4
51,42,4
51,14,3
51,85,1
51,40,5
52,5,4
52,17,3
52,9,4
52,31,3
52,100,2
52,83,4
52,47,4
52,50,3
52,73,4
52,78,3
52,20,3
52,87,4
52,58,5
52,48,3
52,57,5
52,98,4
52,10,2
52,74,5
52,18,4
53,12,2
53,88,3
53,41,2
53,86,5
53,45,1
53,91,4
53,9,3
53,71,5
53,70,4
53,38,4
53,39,2
53,21,3
53,92,5
53,90,4
53,82,4
53,23,5
53,47,5
53,66,2
53,29,5
54,58,4
54,60,4
54,88,5
54,67,2
54,45,4
54,17,5
54,100,5
55,39,5
55,22,3
55,21,4
55,42,4
55,91,2
55,29,3
55,45,4
55,67,4
55,37,3
56,22,2
56,85,5
56,80,5
56,93,3
56,78,3
56,44,4
56,73,4
56,6,1
56,4,5
57,83,3
57,39,4
57,62,3
57,32,4
57,88,4
57,52,5
57,59,5
57,10,2
57,89,3
57,8,4
57,21,3
57,57,4
57,54,3
57,60,3
58,7,5
58,38,4
58,50,3
58,79,3
58,54,5
58,32,4
58,21,5
58,42,4
59,51,1
59,65,3
59,59,4
59,31,5
59,28,4
59,75,3
59,46,1
60,56,4
60,18,4
60,34,3
60,94,4
60,47,2
60,98,4
60,52,5
60,6,3
61,17,2
61,13,4
61,51,4
61,48,1
61,44,1
61,72,4
61,47,5
61,97,4
62,78,5
62,66,4
62,18,4
62,42,4
62,79,4
62,41,4
62,21,4
62,51,1
62,95,3
63,54,4
63,75,5
63,40,5
63,93,5
63,89,4
63,81,4
63,4,4
63,77,3
64,19,5
64,88,5
64,32,5
64,5,4
64,74,2
64,90,2
64,15,3
64,25,3
64,3,4
64,57,4
64,41,3
64,54,3
64,20,5
64,53,3
64,89,3
64,27,5
64,65,4
65,79,4
65,62,3
65,25,3
65,32,5
65,36,5
65,72,3
65,39,2
65,29,4
65,99,3
65,37,5
65,91,5
65,27,5
65,89,5
66,6,5
66,37,4
66,92,2
66,11,4
66,45,4
66,57,3
66,84,4
66,33,4
66,96,4
66,62,2
66,28,4
66,26,4
66,69,2
66,35,5
67,71,4
67,21,3
67,53,5
67,84,3
67,61,4
68,84,5
68,74,3
68,30,5
68,69,3
68,95,5
68,93,5
68,5,3
69,24,3
69,96,2
69,38,3
69,5,4
69,2,3
69,39,3
69,73,4
69,78,5
69,14,4
69,43,5
69,37,3
69,59,5
69,83,5
69,70,5
69,68,4
69,64,2
69,18,4
69,65,3
69,60,2
69,35,3
70,1,1
70,34,4
70,50,4
70,31,2
70,58,2
70,97,3
70,35,4
70,43,4
70,39,5
70,75,4
70,93,3
70,74,2
71,48,4
71,79,4
71,29,3
71,18,3
71,62,5
71,20,5
71,59,2
71,96,4
71,78,4
71,54,2
71,90,4
71,71,2
71,61,4
71,97,4
72,22,4
72,42,5
72,67,4
72,57,2
72,15,2
72,88,4
72,27,4
72,92,4
72,75,4
73,93,4
73,3,2
73,51,5
73,33,5
73,1,4
73,96,3
73,28,3
73,75,2
73,10,4
73,6,4
73,55,5
73,45,3
73,90,5
73,9,4
74,49,5
74,11,5
74,88,4
74,85,4
74,70,4
74,18,3
74,84,3
74,45,4
74,16,3
74,23,3
74,69,5
74,51,5
74,68,1
74,17,4
74,94,4
74,29,5
74,1,5
75,27,4
75,9,3
75,13,3
75,77,5
75,5,2
75,58,4
75,87,3
75,91,5
75,7,4
75,32,3
75,95,4
75,6,4
76,31,4
76,39,4
76,19,5
76,85,5
76,67,4
76,29,5
76,53,3
76,36,4
76,8,2
76,72,3
76,76,5
76,95,4
76,23,5
76,81,3
76,87,4
77,8,2
77,72,3
77,53,4
77,54,1
77,68,2
77,18,5
77,50,4
77,32,4
77,33,3
77,27,3
77,43,5
77,83,3
77,11,5
77,58,3
77,48,3
77,12,4
77,69,4
77,93,5
77,25,5
78,51,3
78,31,3
78,71,5
78,42,4
78,100,5
78,37,4
78,49,5
78,60,3
78,69,3
78,84,3
78,46,1
79,95,3
79,19,4
79,3,3
79,34,4
79,71,5
79,75,3
79,93,5
79,54,4
79,38,4
79,20,4
79,26,4
79,43,4
80,22,2
80,18,4
80,93,2
80,70,3
80,63,3
80,24,4
80,83,2
80,8,4
80,68,5
80,5,5
80,10,4
80,86,1
80,7,4
80,98,4
80,1,1
80,53,4
81,3,5
81,65,3
81,90,3
81,87,3
81,56,4
81,23,4
81,14,5
81,13,3
81,68,4
81,20,5
81,31,4
81,25,5
81,80,5
81,33,2
82,49,3
82,71,5
82,61,4
82,8,4
82,82,3
82,2,5
82,90,4
82,22,3
82,11,4
82,64,4
82,56,3
82,83,5
82,43,1
82,73,3
82,13,2
82,68,5
82,6,5
83,39,3
83,21,5
83,73,2
83,31,5
83,50,4
83,87,4
83,70,5
84,13,5
84,56,5
84,30,3
84,10,5
84,44,1
84,78,3
85,63,3
85,30,5
85,46,3
85,71,3
85,49,3
85,56,2
85,24,5
85,88,4
85,75,5
85,85,2
85,11,2
85,99,4
85,80,4
85,38,4
85,32,2
85,92,2
85,10,4
85,35,4
85,20,5
86,2,3
86,38,2
86,53,3
86,50,3
86,100,3
86,11,5
86,93,3
86,72,5
86,32,4
86,74,4
86,67,4
86,22,4
86,88,2
86,49,1
86,18,3
86,35,5
86,39,3
87,57,5
87,43,3
87,56,4
87,84,4
87,77,4
87,18,3
87,39,3
87,42,5
87,78,3
87,89,2
87,26,4
87,62,4
87,41,4
87,23,4
87,51,4
88,91,2
88,27,5
88,57,4
88,38,4
88,89,4
88,9,5
88,53,4
88,87,4
88,64,5
88,18,3
88,82,5
88,39,4
88,31,4
88,33,2
88,85,5
88,20,4
88,92,3
88,55,4
88,49,1
89,97,3
89,43,5
89,56,4
89,14,4
89,2,3
89,13,1
89,34,2
89,29,4
89,66,5
89,96,2
89,67,5
89,72,2
89,75,3
89,89,4
89,74,3
89,58,4
89,48,4
90,93,4
90,90,3
90,58,4
90,41,4
90,9,5
90,39,4
90,6,3
90,91,4
90,15,3
90,3,4
90,44,5
90,83,4
90,14,4
90,87,1
90,22,3
90,95,3
90,32,4
90,67,5
90,23,4
91,47,3
91,42,3
91,26,3
91,59,2
91,15,3
91,34,4
91,86,3
91,63,4
91,68,5
91,82,5
92,87,3
92,18,4
92,41,4
92,16,4
92,31,2
92,40,3
92,15,3
93,72,5
93,22,5
93,63,4
93,37,3
93,18,3
93,24,4
93,41,4
93,58,4
93,80,4
93,7,4
94,63,2
94,22,2
94,11,5
94,73,5
94,4,3
94,98,5
94,29,1
94,38,4
94,5,4
94,36,5
94,69,2
94,37,5
94,100,5
94,59,3
94,96,5
94,99,4
94,64,3
94,71,5
94,66,4
95,100,4
95,31,4
95,27,4
95,95,5
95,76,5
95,89,5
95,45,4
95,91,4
96,42,5
96,91,5
96,38,5
96,74,5
96,35,2
96,66,5
96,87,3
96,13,4
96,18,5
96,97,5
97,63,5
97,19,3
97,74,5
97,81,3
97,35,1
97,54,5
97,49,4
97,58,4
97,10,4
97,82,4
97,99,3
97,12,2
97,52,4
97,66,3
97,96,4
97,36,3
97,89,3
98,44,2
98,71,5
98,74,4
98,17,1
98,73,5
98,63,3
98,88,4
98,98,2
98,7,4
98,6,3
98,13,5
98,81,3
98,59,4
98,3,3
99,86,3
99,84,2
99,22,4
99,7,4
99,51,4
99,81,1
99,40,3
99,93,2
99,90,5
99,97,4
99,30,4
99,55,3
99,12,2
99,91,5
99,13,2
99,1,3
100,18,4
100,49,4
100,100,4
100,97,3
100,83,4
100,87,4
100,19,5
100,9,2
100,68,2
100,73,5
100,2,4
100,79,3
100,84,5
100,22,3
101,32,5
101,36,4
101,83,5
101,11,4
101,71,3
101,77,4
101,93,4
101,78,4
101,37,3
102,31,2
102,64,5
102,50,1
102,15,3
102,82,3
102,77,3
103,47,3
103,70,4
103,88,5
103,23,4
103,98,4
103,61,4
103,99,4
103,10,3
103,3,2
103,76,2
103,9,5
103,2,5
103,34,3
103,28,3
103,6,4
103,8,5
103,51,4
103,65,4
104,90,4
104,56,3
104,94,1
104,31,2
104,8,1
104,32,4
104,12,3
104,15,4
104,59,5
104,79,3
104,78,3
104,40,4
104,86,5
104,95,4
105,99,4
105,4,4
105,43,2
105,55,4
105,35,3
105,68,4
105,9,4
105,34,3
106,99,1
106,14,3
106,74,5
106,87,3
106,93,5
106,15,1
106,30,5
106,95,4
106,66,4
106,1,3
106,6,3
106,2,5
106,32,3
107,74,3
107,48,4
107,16,1
107,65,4
107,87,5
107,7,5
107,23,5
108,42,3
108,12,5
108,71,5
108,59,5
108,2,4
108,48,4
108,26,5
108,38,3
108,73,5
108,39,1
108,95,4
108,80,4
108,32,4
108,60,1
109,1,4
109,98,2
109,85,5
109,49,5
109,95,4
109,94,4
109,40,3
109,14,5
109,27,2
109,68,2
109,31,2
109,54,5
109,63,2
109,8,4
109,19,4
110,31,3
110,38,2
110,34,3
110,41,5
110,51,4
110,90,3
110,95,3
110,42,4
110,58,4
111,99,5
111,27,3
111,58,2
111,40,3
111,60,3
111,34,4
111,16,4
111,12,3
111,21,5
111,88,1
111,39,4
111,91,4
111,90,4
111,78,3
111,6,4
111,28,5
112,16,4
112,2,5
112,8,2
112,100,4
112,29,5
112,17,2
112,26,5
112,52,3
112,48,4
113,12,5
113,43,3
113,16,1
113,6,4
113,60,3
113,7,3
113,22,3
113,74,3
113,56,5
114,79,4
114,80,4
114,32,2
114,83,3
114,38,2
114,64,3
115,81,3
115,70,3
115,3,3
115,49,3
115,92,5
115,46,5
115,62,2
115,63,5
115,45,4
115,73,5
115,65,5
115,42,5
116,32,5
116,85,3
116,31,5
116,35,5
116,69,3
116,95,5
116,8,5
116,98,3
117,95,2
117,90,3
117,46,3
117,76,4
117,4,1
117,91,5
117,73,3
117,19,2
117,25,4
117,64,5
117,70,5
117,40,3
117,23,1
117,63,4
117,5,5
118,68,2
118,47,3
118,10,2
118,48,3
118,91,5
118,85,5
118,51,5
118,76,4
119,91,3
119,72,4
119,89,2
119,79,4
119,46,5
119,29,5
119,86,3
119,76,5
119,23,5
119,49,1
120,79,5
120,29,4
120,82,4
120,73,3
120,14,1
120,64,3
120,19,4
120,43,3
120,96,5
120,10,4
120,31,1
120,45,4
120,41,4
120,22,3
120,12,4
121,45,3
121,70,2
121,49,3
121,13,5
121,62,3
121,74,2
121,84,5
121,98,5
121,88,3
121,29,5
121,21,5
121,58,4
121,10,4
121,5,4
121,38,4
121,3,4
121,41,2
122,27,3
122,25,4
122,53,4
122,90,2
122,71,1
122,93,2
122,94,5
122,70,4
122,34,4
122,85,2
122,37,3
122,39,4
122,31,5
122,13,4
122,7,2
123,61,4
123,63,3
123,85,4
123,34,2
123,12,4
123,83,5
123,70,4
123,50,5
123,24,3
123,48,2
123,49,3
123,58,4
123,6,5
123,57,4
123,60,5
123,29,4
123,35,3
124,11,5
124,51,3
124,92,3
124,5,3
124,65,1
124,74,2
124,67,4
124,87,3
124,80,5
124,19,2
124,16,4
124,97,3
124,58,4
124,23,5
125,50,4
125,72,5
125,51,5
125,71,4
125,42,4
125,36,4
125,67,4
126,73,5
126,76,5
126,75,3
126,98,4
126,13,4
126,14,4
126,100,3
126,37,4
126,69,4
127,5,4
127,51,5
127,43,3
127,89,3
127,31,4
127,7,5
127,96,3
127,61,4
127,35,4
127,48,2
127,3,4
127,44,5
127,39,4
127,40,4
127,36,4
127,63,3
127,90,2
128,9,3
128,40,5
128,91,3
128,65,2
128,52,1
128,18,2
128,100,3
128,68,3
128,73,3
128,4,4
129,82,5
129,16,2
129,88,1
129,4,1
129,31,5
129,48,5
129,63,3
129,77,3
129,58,3
129,23,3
129,61,4
129,76,4
129,71,5
129,45,5
129,21,4
129,34,4
129,96,2
130,77,4
130,2,3
130,29,3
130,33,3
130,78,4
130,40,4
130,92,5
130,91,3
130,83,2
130,36,4
131,72,4
131,83,5
131,77,3
131,78,2
131,37,5
131,39,5
131,88,5
131,14,5
131,62,4
131,9,4
131,44,4
131,36,4
131,82,4
131,42,5
131,34,3
131,84,4
132,95,3
132,5,3
132,75,4
132,91,4
132,74,3
132,25,4
132,44,4
132,93,4
132,92,4
132,29,5
132,88,5
132,69,5
132,82,4
132,61,3
132,86,3
132,46,5
132,65,4
133,48,4
133,34,4
133,75,5
133,38,3
133,60,5
133,16,3
133,61,5
133,7,5
133,82,5
133,80,2
133,10,5
133,25,3
133,65,2
133,88,3
133,49,5
134,82,4
134,8,4
134,1,4
134,58,4
134,36,1
134,27,4
134,98,4
134,100,5
134,22,5
134,74,5
134,21,4
134,63,1
134,12,1
134,17,4
134,79,3
135,40,3
135,17,5
135,14,5
135,50,3
135,65,5
135,76,3
135,22,3
135,9,5
135,6,5
135,39,4
135,38,3
135,59,4
135,94,2
135,67,4
135,77,4
135,68,3
136,92,4
136,84,3
136,5,4
136,49,4
136,82,3
136,33,4
136,99,4
136,69,3
136,80,4
136,7,4
136,77,3
136,85,4
136,14,2
136,3,5
136,89,2
136,15,4
137,37,5
137,15,5
137,14,3
137,64,4
137,26,3
137,78,4
137,100,5
137,34,4
138,43,3
138,31,2
138,1,5
138,2,5
138,86,5
138,12,3
138,15,4
138,74,4
138,64,2
138,20,5
138,100,5
138,66,1
138,10,2
138,93,4
138,13,3
138,33,5
138,83,5
138,30,3
138,59,4
138,38,3
139,24,5
139,15,5
139,52,2
139,59,5
139,35,4
139,50,4
139,89,4
139,62,4
139,54,5
139,84,4
139,22,5
139,17,5
139,90,4
139,93,5
139,8,4
140,15,4
140,53,4
140,57,4
140,6,4
140,9,4
140,34,4
140,84,4
140,41,4
140,2,2
140,91,5
140,87,5
140,68,4
140,99,1
140,96,5
140,74,4
140,93,4
140,73,4
140,29,3
140,86,5
140,44,3
141,36,5
141,7,4
141,65,2
141,29,4
141,71,4
141,83,2
141,49,4
141,52,4
141,31,1
141,11,2
141,59,4
141,57,4
141,74,3
141,58,4
141,12,3
142,44,5
142,47,5
142,7,3
142,29,4
142,59,4
142,43,1
142,72,3
142,99,2
142,80,4
142,77,4
142,61,2
142,92,4
142,85,3
142,58,5
142,15,3
142,13,4
142,98,5
142,1,4
142,46,2
143,6,5
143,82,4
143,87,4
143,76,5
143,16,3
143,99,4
143,58,4
143,59,2
143,85,3
143,65,4
143,18,5
143,64,4
143,1,3
143,68,5
143,95,5
143,7,5
143,71,3
143,56,5
144,58,3
144,18,4
144,53,3
144,78,3
144,90,4
144,96,5
144,66,4
144,39,5
144,71,4
144,41,4
144,92,3
144,95,2
144,81,3
144,28,4
145,87,5
145,96,4
145,69,2
145,37,2
145,55,5
145,2,3
145,67,4
145,14,3
145,4,4
145,49,4
145,19,4
145,7,4
145,86,3
145,8,4
145,26,3
145,35,4
145,97,5
145,21,4
146,49,2
146,50,4
146,54,3
146,88,5
146,41,5
146,71,4
147,82,5
147,91,3
147,83,3
147,48,4
147,97,3
147,76,3
147,70,4
147,95,3
147,78,4
147,26,4
147,100,2
147,93,4
148,1,3
148,43,5
148,60,4
148,91,2
148,20,4
148,6,4
148,42,5
148,77,4
148,7,5
148,100,3
148,81,4
148,79,4
148,85,3
149,85,1
149,43,4
149,47,4
149,38,5
149,28,4
149,97,4
149,80,5
149,68,4
149,61,3
149,72,5
149,84,5
150,33,5
150,70,3
150,93,5
150,37,4
150,4,1
150,67,2
150,99,4
150,48,5
150,66,5
150,58,4
150,63,2
150,6,4
150,38,4
150,84,5
150,25,5
150,42,4
150,11,5
151,4,5
151,59,4
151,92,4
151,43,3
151,5,3
151,12,3
151,10,4
151,7,4
151,23,1
152,69,4
152,1,4
152,83,2
152,93,5
152,80,2
152,9,5
152,97,3
152,96,2
153,49,5
153,51,1
153,85,5
153,4,2
153,61,1
153,21,4
153,69,3
153,29,4
153,18,2
153,96,3
153,70,4
153,38,4
153,82,3
153,19,5
153,39,5
153,87,2
153,94,3
153,83,4
153,48,3
154,24,4
154,86,3
154,73,2
154,7,2
154,97,4
154,71,4
154,60,3
154,83,2
155,13,4
155,37,3
155,80,4
155,9,5
155,25,5
155,41,3
155,63,3
155,58,5
155,43,4
155,79,4
155,85,3
155,40,3
156,62,5
156,60,3
156,58,4
156,46,4
156,100,4
156,40,5
156,63,5
156,71,4
156,14,5
156,23,4
156,83,5
156,78,3
156,11,1
156,36,3
156,18,5
157,84,3
157,100,4
157,20,4
157,47,3
157,51,5
157,29,4
157,99,5
157,76,4
157,94,4
157,38,3
157,18,3
157,60,4
157,65,2
157,66,3
157,12,1
157,2,3
157,85,5
157,31,3
157,79,4
157,88,4
158,6,4
158,84,3
158,42,4
158,14,4
158,91,4
158,67,3
159,47,4
159,76,3
159,84,4
159,10,3
159,67,3
159,33,3
159,49,4
159,29,5
159,52,4
159,46,4
159,45,3
159,63,2
159,62,4
159,78,4
159,1,4
159,65,4
159,18,4
160,6,5
160,17,4
160,74,4
160,76,5
160,21,4
160,18,5
160,81,4
160,66,5
160,19,5
160,8,3
160,22,4
160,34,4
161,22,3
161,29,2
161,53,3
161,77,5
161,19,4
161,75,4
161,99,2
161,24,2
161,80,4
161,85,4
161,66,1
161,34,5
161,93,4
161,88,2
161,44,4
161,59,2
161,76,4
161,9,5
161,30,5
161,49,5
162,67,3
162,54,5
162,48,5
162,6,2
162,90,4
162,68,4
162,55,3
162,30,1
162,62,4
162,99,1
162,49,4
162,45,4
162,76,3
162,95,3
162,98,5
162,74,4
162,13,2
162,18,4
163,34,5
163,69,4
163,55,3
163,73,4
163,47,3
163,79,3
163,36,3
163,88,4
163,51,4
163,97,5
163,27,4
163,53,4
163,71,4
164,13,2
164,28,3
164,66,4
164,52,5
164,44,5
164,71,4
164,79,4
164,90,2
164,88,3
164,91,3
165,93,3
165,50,5
165,52,2
165,79,5
165,84,3
165,67,4
166,26,1
166,85,4
166,67,4
166,37,3
166,25,3
167,47,5
167,31,5
167,84,3
167,1,3
167,21,4
167,12,4
168,12,3
168,71,5
168,37,3
168,93,5
168,72,4
168,75,4
168,45,1
169,53,5
169,65,5
169,14,4
169,72,4
169,10,5
169,38,4
169,44,5
169,15,5
169,66,5
169,33,4
170,76,3
170,4,3
170,62,4
170,15,3
170,34,4
170,9,3
170,49,3
170,82,3
170,29,4
170,87,3
170,90,4
170,30,5
170,41,3
170,53,4
170,46,3
170,67,3
170,69,3
170,2,3
170,32,5
171,20,3
171,100,5
171,14,5
171,16,4
171,11,3
171,87,3
171,85,5
171,64,4
171,79,3
171,1,5
171,98,2
171,70,4
171,6,4
171,62,5
171,48,1
171,80,3
172,59,4
172,16,3
172,90,4
172,67,3
172,41,4
172,89,3
172,2,4
172,87,4
172,27,3
172,49,4
173,54,5
173,90,4
173,97,5
173,48,4
173,47,5
173,52,4
173,36,5
173,58,3
173,24,5
173,74,4
173,17,4
174,23,4
174,54,4
174,64,5
174,18,3
174,81,4
175,51,5
175,13,4
175,89,4
175,21,4
175,8,3
175,28,3
176,45,3
176,3,4
176,53,4
176,16,4
176,87,5
176,78,3
176,26,3
176,74,4
176,84,2
176,69,3
176,23,5
176,100,3
176,37,4
177,10,4
177,11,5
177,21,4
177,44,3
177,30,1
177,41,4
177,84,4
177,38,5
177,91,4
177,35,2
177,78,3
177,83,2
177,51,2
177,57,5
177,100,4
177,47,1
177,96,3
178,14,3
178,34,3
178,80,3
178,20,4
178,11,2
178,84,5
178,50,1
179,42,5
179,61,4
179,60,4
179,70,4
179,35,5
179,71,4
179,57,3
179,18,2
179,90,3
179,23,4
179,76,3
179,77,1
179,59,4
179,81,5
179,96,2
179,82,3
180,89,1
180,63,4
180,97,3
180,62,3
180,39,1
181,25,4
181,53,4
181,72,5
181,56,4
181,51,4
181,32,3
181,21,4
181,92,4
181,95,3
181,83,3
181,50,2
181,49,2
181,29,2
181,34,4
181,11,4
181,55,4
182,25,4
182,42,5
182,3,4
182,20,3
182,7,4
182,69,1
182,24,2
182,14,5
182,37,2
182,35,3
182,17,3
182,92,4
182,57,3
182,94,5
182,2,3
182,30,3
182,12,1
182,64,5
182,28,4
182,44,3
183,32,4
183,95,4
183,5,2
183,26,4
183,59,3
183,99,3
183,13,2
183,67,4
183,86,5
183,27,3
183,61,4
183,50,1
183,88,5
183,40,4
183,42,3
183,21,3
183,81,5
183,94,4
183,6,4
184,48,5
184,99,5
184,12,4
184,32,2
184,21,4
184,64,4
184,88,5
184,80,2
184,44,3
185,57,4
185,94,3
185,25,3
185,3,3
185,89,4
185,49,3
185,46,5
185,93,5
185,18,4
185,33,2
185,6,3
185,63,3
185,91,3
185,72,3
185,38,1
185,70,4
186,94,5
186,24,3
186,3,3
186,80,4
186,47,3
186,100,2
186,31,4
186,42,1
186,93,5
186,9,3
186,85,1
186,69,2
186,50,3
186,25,1
186,68,4
186,88,3
186,64,4
187,7,2
187,47,4
187,29,5
187,78,4
187,92,3
187,10,4
187,2,5
187,27,3
187,84,1
187,63,2
187,11,3
187,60,5
187,82,5
188,13,3
188,93,4
188,30,3
188,69,4
188,50,4
188,25,2
188,68,4
188,85,3
189,90,4
189,86,4
189,55,5
189,14,3
189,22,3
189,24,4
189,71,3
189,52,4
189,65,4
189,44,3
189,85,4
189,21,5
189,69,1
189,77,1
189,57,3
189,46,1
189,41,2
189,42,5
189,48,1
190,28,1
190,41,3
190,3,2
190,99,3
190,89,4
190,36,3
190,71,5
190,66,2
190,72,3
190,74,5
190,20,4
190,13,4
191,23,5
191,63,2
191,89,5
191,90,4
191,74,5
191,13,5
191,77,4
191,83,4
191,39,2
191,5,4
191,94,3
191,49,4
191,11,3
191,100,4
191,8,3
191,99,4
191,43,5
191,45,5
191,56,5
191,54,4
192,29,2
192,56,4
192,38,1
192,51,3
192,19,2
192,17,4
192,44,5
193,98,3
193,18,4
193,62,4
193,72,3
193,26,2
193,63,5
193,51,3
193,84,5
193,74,2
194,55,4
194,47,3
194,45,4
194,25,2
194,42,4
194,77,3
194,84,4
194,4,2
194,99,5
194,40,3
194,22,3
194,79,5
194,57,3
194,80,4
194,19,3
194,6,4
194,30,3
194,26,4
195,71,1
195,62,3
195,80,3
195,94,5
195,19,4
195,89,2
195,90,4
195,86,1
195,3,3
195,49,3
195,75,5
195,85,4
195,68,5
196,38,4
196,84,4
196,50,5
196,30,4
196,49,4
197,24,1
197,26,5
197,65,3
197,59,4
197,72,4
197,92,1
197,3,4
198,81,2
198,39,3
198,31,5
198,65,4
198,36,4
198,8,3
198,33,3
198,50,3
198,4,5
198,72,5
198,29,3
198,20,4
198,44,3
198,51,2
198,85,4
198,18,5
199,40,5
199,89,5
199,91,3
199,68,4
199,18,5
199,56,2
199,99,3
199,19,5
199,84,4
200,53,5
200,39,4
200,57,4
200,96,4
200,82,4
200,95,3
200,36,1
200,20,2
200,100,5
200,25,2
200,14,5
200,17,4
200,24,4
200,4,3
200,98,3
201,18,3
201,21,4
201,25,3
201,29,4
201,5,1
201,53,4
201,98,3
201,2,3
201,35,4
201,96,4
201,86,4
201,26,4
201,97,5
201,27,5
201,9,4
201,23,4
201,57,5
201,79,1
201,63,5
201,89,4
202,95,4
202,6,4
202,72,2
202,50,4
202,67,2
202,98,5
202,81,4
202,7,4
202,25,2
202,38,5
202,57,5
202,51,4
202,39,2
202,100,4
202,37,4
202,60,3
202,22,4
203,59,4
203,12,4
203,33,2
203,42,4
203,89,4
203,84,5
203,92,4
203,21,3
203,94,4
203,16,1
203,15,3
204,73,3
204,85,5
204,20,5
204,21,1
204,19,5
204,23,1
204,99,4
204,92,4
204,7,5
204,54,4
204,40,4
204,94,3
204,58,4
204,37,4
204,81,4
205,32,4
205,71,5
205,36,1
205,80,2
205,81,4
206,19,3
206,5,2
206,86,2
206,74,5
206,78,3
206,39,3
207,59,5
207,96,5
207,75,5
207,47,5
207,5,2
207,12,4
207,99,2
207,39,5
207,42,3
207,48,4
208,90,4
208,27,4
208,79,5
208,8,4
208,14,4
208,74,5
208,94,3
208,81,4
208,68,4
208,12,5
208,62,4
209,67,3
209,94,5
209,81,3
209,64,4
209,24,4
209,79,3
209,30,2
209,91,3
209,38,4
209,25,5
209,1,2
209,16,3
209,4,3
209,60,4
209,95,5
209,27,5
209,54,3
209,53,5
209,6,5
209,43,4
210,5,4
210,83,3
210,18,4
210,62,5
210,20,5
210,81,3
210,59,5
210,69,3
210,43,1
210,60,5
210,53,4
210,96,5
210,8,4
210,67,3
210,39,4
210,73,5
210,93,5
210,87,4
210,41,3
210,72,1
211,12,3
211,64,5
211,31,4
211,48,4
211,58,5
211,39,2
211,28,5
211,68,5
211,23,5
211,15,4
211,5,2
211,100,4
211,26,4
211,57,4
211,65,4
211,4,1
211,62,5
211,20,4
212,43,4
212,60,1
212,6,5
212,14,4
212,67,3
212,99,3
212,85,3
213,99,4
213,57,4
213,86,3
213,16,5
213,35,5
213,20,4
213,21,3
213,36,3
213,15,5
213,2,4
213,80,2
213,72,1
213,66,5
213,14,2
213,27,3
214,55,5
214,51,4
214,23,4
214,91,3
214,77,5
214,76,4
214,81,4
215,97,4
215,98,4
215,60,4
215,73,4
215,17,4
215,12,3
215,90,3
216,47,3
216,51,4
216,24,3
216,90,5
216,86,4
216,43,2
216,42,2
216,59,5
216,63,5
216,4,3
216,9,4
216,61,5
216,15,4
217,76,4
217,53,2
217,31,5
217,80,4
217,32,4
217,71,4
217,21,4
217,62,4
217,50,5
217,9,3
217,44,5
217,27,2
217,89,2
217,56,5
217,73,5
217,70,3
217,23,4
218,12,5
218,28,5
218,18,4
218,75,4
218,97,3
218,82,4
219,26,3
219,27,4
219,88,2
219,41,4
219,39,5
219,73,3
219,87,5
219,56,5
219,92,3
219,45,4
219,12,3
219,75,3
219,2,3
219,79,3
219,66,4
219,52,4
219,17,4
219,38,3
219,8,3
220,54,2
220,20,5
220,37,5
220,86,5
220,17,4
220,18,5
220,2,4
220,10,4
220,83,4
220,3,5
220,19,3
220,93,3
220,63,4
220,85,1
220,56,4
220,11,4
221,53,2
221,70,4
221,74,5
221,47,5
221,5,5
221,73,4
221,62,2
221,91,5
221,48,2
221,15,4
221,75,4
221,89,5
221,11,2
222,79,5
222,7,5
222,44,3
222,69,1
222,100,5
222,2,4
222,61,4
222,59,4
222,66,2
222,74,4
222,94,3
222,43,2
222,54,5
222,46,5
223,37,2
223,63,5
223,11,3
223,17,4
223,65,3
224,2,4
224,95,5
224,15,5
224,78,3
224,23,2
224,76,2
224,20,5
224,85,3
224,58,4
224,48,5
224,34,5
224,90,3
224,31,4
225,27,4
225,74,4
225,94,4
225,45,5
225,7,5
225,83,3
225,34,4
225,97,3
225,15,3
225,22,4
226,2,3
226,37,5
226,58,3
226,49,4
226,87,4
226,41,4
226,68,3
226,88,4
226,6,5
226,13,4
226,69,4
226,82,5
226,46,3
226,56,1
226,79,1
226,84,2
226,35,4
226,43,4
227,45,3
227,29,5
227,93,4
227,37,5
227,33,3
227,25,2
227,5,3
227,4,3
227,80,4
227,12,2
227,8,4
227,77,5
227,85,5
227,28,4
227,82,4
227,16,5
227,91,3
227,78,5
227,17,3
228,49,4
228,50,4
228,43,5
228,8,4
228,34,3
228,23,4
229,70,3
229,99,1
229,56,2
229,28,4
229,79,5
229,83,1
229,14,4
229,57,4
229,92,1
230,86,5
230,50,4
230,35,4
230,20,5
230,90,4
230,43,4
231,70,2
231,29,4
231,1,5
231,50,3
231,89,3
231,100,2
231,62,5
232,47,3
232,69,3
232,44,4
232,11,5
232,59,4
232,98,3
232,99,3
233,81,2
233,89,3
233,46,4
233,63,4
233,11,4
233,57,2
233,95,4
233,25,3
234,3,5
234,5,1
234,44,2
234,8,4
234,93,4
234,6,5
234,52,1
234,16,4
234,28,2
234,84,3
234,86,1
234,67,3
234,59,5
234,87,4
234,69,3
234,20,4
234,95,5
234,75,2
234,30,4
235,9,2
235,26,5
235,55,5
235,44,5
235,95,4
235,87,3
235,52,2
235,42,2
235,16,4
235,88,4
235,74,4
235,70,4
236,18,3
236,13,5
236,81,2
236,79,1
236,49,5
236,100,4
237,54,4
237,89,1
237,99,3
237,61,4
237,17,5
237,27,4
237,19,5
237,82,3
237,35,1
237,67,3
237,58,2
237,53,4
237,31,2
237,23,3
238,60,4
238,99,3
238,81,5
238,85,2
238,27,3
238,36,3
238,7,3
238,25,4
238,15,5
238,20,4
238,88,2
238,61,2
239,21,4
239,4,4
239,63,4
239,66,5
239,15,3
239,10,2
239,31,3
239,93,3
239,57,4
239,76,3
240,10,3
240,61,4
240,75,3
240,63,3
240,7,3
240,56,3
240,19,1
240,28,4
240,79,3
240,59,2
240,23,4
240,50,4
241,29,4
241,38,5
241,78,3
241,21,4
241,82,4
241,79,3
241,22,3
241,74,4
241,71,5
241,30,4
241,12,2
241,53,4
241,67,1
241,63,5
241,28,1
242,94,2
242,99,3
242,65,4
242,5,2
242,55,4
242,68,3
242,51,4
242,62,5
242,90,4
242,13,1
242,58,4
242,64,5
242,31,5
242,11,4
242,72,5
242,97,3
242,2,4
242,89,4
242,53,5
242,28,2
243,68,4
243,5,2
243,38,5
243,55,4
243,97,5
243,35,2
243,90,3
243,79,4
243,70,3
243,74,3
243,27,4
243,88,2
243,11,4
243,80,3
243,43,5
244,70,3
244,15,5
244,84,4
244,62,4
244,95,2
244,97,3
244,75,4
244,90,4
244,27,5
244,96,4
244,98,4
244,29,5
245,58,2
245,80,3
245,48,4
245,87,4
245,89,5
245,9,4
245,25,4
245,59,3
245,12,5
245,11,4
245,51,2
245,23,3
245,37,4
245,10,4
246,25,4
246,9,4
246,3,4
246,30,4
246,67,4
246,83,5
246,43,3
246,53,5
246,75,3
246,44,3
246,84,3
246,42,5
246,63,2
246,76,3
247,80,5
247,21,3
247,92,2
247,69,5
247,37,4
247,24,4
247,23,3
247,91,3
247,89,4
247,86,4
248,19,5
248,48,4
248,58,4
248,70,4
248,21,3
248,69,5
248,39,5
248,16,5
248,4,5
248,52,4
248,64,5
248,99,4
248,59,5
248,41,3
248,20,2
248,1,4
249,18,4
249,87,5
249,71,4
249,15,2
249,40,2
249,4,4
250,99,3
250,36,3
250,26,4
250,3,5
250,11,5
250,69,3
250,58,2
250,87,5
250,86,3
250,12,3
250,66,3
250,51,3
251,72,2
251,12,5
251,28,5
251,94,2
251,57,4
251,95,5
251,54,4
251,37,4
251,21,4
251,55,5
251,18,2
251,76,3
251,77,3
251,19,4
251,27,1
251,39,5
251,61,5
251,68,3
251,43,4
252,29,3
252,4,5
252,1,2
252,20,4
252,34,4
252,39,4
252,82,5
252,61,4
252,16,4
252,84,4
252,86,2
252,37,4
252,54,4
252,23,5
252,63,3
252,89,2
252,83,3
252,32,5
252,98,2
253,7,3
253,35,4
253,47,5
253,54,4
253,82,3
253,46,3
253,38,3
253,68,5
253,10,5
253,66,3
254,13,3
254,69,4
254,75,5
254,46,5
254,19,4
254,2,4
254,18,5
254,67,5
254,37,4
254,48,4
254,100,5
254,63,4
254,53,5
254,44,2
254,21,2
254,14,1
255,40,2
255,89,4
255,47,4
255,18,3
255,57,3
255,77,5
255,67,4
255,98,5
255,44,2
255,23,1
255,91,4
255,39,4
255,4,3
255,96,1
255,16,4
255,29,4
256,16,5
256,33,3
256,6,3
256,9,4
256,39,4
256,86,3
256,2,4
256,97,2
256,13,4
256,78,1
256,27,3
256,76,3
256,26,3
256,24,5
256,45,4
256,4,5
256,12,2
256,19,3
256,96,4
256,36,4
257,90,2
257,76,2
257,24,2
257,57,5
257,87,4
257,14,4
257,46,1
257,49,3
257,55,2
257,28,3
257,66,4
257,30,3
257,53,5
257,15,4
257,98,4
257,41,3
258,25,4
258,9,2
258,61,5
258,87,5
258,48,2
258,23,5
258,2,3
258,63,4
258,14,5
258,51,2
258,57,5
258,67,4
258,85,3
258,11,4
258,16,4
258,19,3
258,52,5
258,89,4
259,46,5
259,61,1
259,86,4
259,78,5
259,52,4
259,63,1
259,66,3
259,36,4
259,19,3
259,99,3
259,59,4
259,14,5
259,16,4
259,33,4
259,64,4
259,30,4
259,81,3
260,63,3
260,65,4
260,34,4
260,70,2
260,44,4
260,3,4
260,98,2
260,5,4
260,56,4
260,16,4
260,50,4
260,58,4
260,41,5
260,49,4
260,57,3
260,59,4
260,23,5
260,72,4
260,85,3
260,100,5
261,8,3
261,4,3
261,76,3
261,6,4
261,17,3
261,47,4
261,45,4
261,95,5
261,75,2
261,98,3
261,81,3
261,44,1
261,49,3
261,13,4
261,55,5
262,35,5
262,3,4
262,90,3
262,61,3
262,76,5
262,41,3
262,49,4
262,74,5
262,50,2
262,42,5
262,13,3
262,63,3
262,89,3
262,87,4
262,27,5
262,44,4
262,64,5
262,65,4
263,76,3
263,44,5
263,35,4
263,9,3
263,73,5
263,68,4
263,61,4
263,55,3
264,33,5
264,80,3
264,66,4
264,59,5
264,86,5
264,98,5
264,71,5
264,24,4
264,3,2
264,81,3
264,91,4
264,67,3
264,74,4
264,64,5
264,28,5
264,85,4
264,96,5
265,82,3
265,27,4
265,53,4
265,35,2
265,37,3
265,83,3
265,21,5
266,63,2
266,72,5
266,56,3
266,55,3
266,83,2
266,5,5
266,26,5
266,21,4
266,35,5
266,18,3
266,4,5
266,34,5
266,36,3
266,85,4
266,71,4
266,23,2
266,6,4
266,93,4
266,3,5
267,64,3
267,12,2
267,31,3
267,77,3
267,16,4
267,99,5
267,41,2
267,43,4
267,75,4
267,95,2
267,50,4
267,96,4
267,55,3
268,19,4
268,47,5
268,61,3
268,92,4
268,48,3
268,40,5
268,3,3
268,83,5
268,78,2
268,5,5
268,95,5
268,85,3
268,7,5
269,33,5
269,39,4
269,12,4
269,97,5
269,31,4
269,27,5
269,21,5
269,57,5
269,81,4
269,41,4
269,99,3
269,83,4
269,53,5
269,5,4
269,36,4
269,11,1
269,100,2
270,81,2
270,57,3
270,83,4
270,18,5
270,1,5
270,52,5
270,26,5
270,40,4
270,41,5
270,74,3
271,95,4
271,18,3
271,34,2
271,23,4
271,88,3
271,76,5
271,42,1
271,37,4
271,26,4
271,11,2
271,54,5
271,48,3
271,24,4
271,51,1
271,49,4
271,74,5
271,29,5
271,3,5
271,72,4
271,83,3
272,25,5
272,35,3
272,37,4
272,96,4
272,64,4
272,49,2
272,17,3
272,56,3
272,27,4
272,77,5
272,28,3
273,11,2
273,2,3
273,61,3
273,18,5
273,42,5
273,89,5
273,51,5
273,88,4
273,28,4
273,92,1
273,50,3
273,91,4
273,55,3
273,95,3
273,77,3
273,33,5
273,10,4
273,13,4
273,72,3
274,44,3
274,60,5
274,17,3
274,12,5
274,41,5
274,91,3
274,68,5
274,56,4
274,19,5
274,34,2
274,15,2
274,6,3
274,64,1
274,36,3
274,96,4
274,47,4
274,37,5
274,79,5
274,98,1
274,67,3
275,59,4
275,64,4
275,15,4
275,93,2
275,19,5
275,16,4
275,45,5
275,12,1
275,27,4
275,37,4
275,24,3
275,22,4
275,96,5
275,66,5
275,35,3
275,73,2
275,85,5
275,75,4
275,28,4
275,1,5
276,43,3
276,6,4
276,84,4
276,80,5
276,58,4
277,7,3
277,83,3
277,37,5
277,42,5
277,8,2
277,96,5
277,10,3
277,71,5
277,78,3
277,49,5
277,12,4
278,39,3
278,63,2
278,56,3
278,95,3
278,40,4
278,88,3
278,78,3
278,17,4
279,97,4
279,55,1
279,48,3
279,79,4
279,24,3
279,56,4
279,81,3
280,68,4
280,81,4
280,83,4
280,11,4
280,38,4
280,60,5
280,56,3
280,62,4
280,39,5
280,20,1
280,17,4
280,88,4
280,32,5
280,67,5
280,55,1
280,73,4
280,7,4
280,71,3
280,10,4
280,6,5
281,80,4
281,34,4
281,44,5
281,24,5
281,28,4
281,11,4
281,96,4
281,78,5
281,87,3
281,14,4
281,56,4
281,69,3
281,3,3
281,1,2
281,51,1
281,15,2
281,2,1
281,22,5
281,84,5
282,62,4
282,84,4
282,19,1
282,31,3
282,56,3
282,81,4
282,69,5
282,25,4
282,12,5
282,39,4
282,99,3
283,7,3
283,43,4
283,2,4
283,14,5
283,81,5
283,92,5
283,56,3
283,54,2
283,64,1
283,95,4
283,75,4
283,77,3
283,94,4
283,71,5
283,38,2
283,5,4
283,63,4
284,90,4
284,56,5
284,3,4
284,21,3
284,37,4
284,93,5
284,25,4
284,61,3
284,45,4
284,57,5
284,30,3
284,65,3
284,29,4
284,76,2
284,88,4
284,44,3
284,78,3
284,92,4
284,85,5
285,39,4
285,31,4
285,27,5
285,72,5
285,7,5
285,3,5
285,46,4
285,34,5
285,87,5
285,21,5
285,23,4
285,65,2
285,5,2
285,9,5
285,44,5
285,56,5
285,15,5
285,80,5
285,30,5
285,16,4
286,72,5
286,6,3
286,65,3
286,14,4
286,22,4
286,81,4
286,16,2
286,27,4
287,18,3
287,16,5
287,26,3
287,57,4
287,54,3
287,99,5
287,1,4
287,32,3
287,61,5
287,44,4
287,37,4
287,65,4
287,22,5
287,11,5
287,35,3
288,57,5
288,19,5
288,99,2
288,2,3
288,92,5
289,56,5
289,8,5
289,51,5
289,98,5
289,5,4
289,85,5
289,83,4
289,20,5
289,74,4
289,81,3
290,2,3
290,36,3
290,68,1
290,79,3
290,19,4
290,90,4
290,52,2
290,58,5
290,83,3
290,27,2
290,70,4
290,80,4
290,84,5
290,57,3
290,45,1
290,100,5
291,31,2
291,100,5
291,39,5
291,93,4
291,55,4
291,65,1
291,15,3
291,94,3
291,8,4
291,48,4
291,34,4
291,81,5
291,46,4
292,45,2
292,39,4
292,37,3
292,86,5
292,92,4
292,74,2
292,87,4
292,18,4
292,49,2
292,67,4
292,95,2
292,32,3
293,48,5
293,87,5
293,68,4
293,52,4
293,76,5
293,72,4
293,67,5
294,21,5
294,19,2
294,65,5
294,17,2
294,63,3
294,92,3
294,59,4
294,91,2
294,66,3
294,68,3
294,16,3
294,89,1
294,28,2
294,61,5
294,5,4
294,96,5
294,72,3
294,48,3
295,95,4
295,63,4
295,1,5
295,16,5
295,71,4
295,45,4
295,9,4
295,6,5
295,54,4
295,62,4
296,86,4
296,58,4
296,20,5
296,94,4
296,42,4
296,12,2
296,80,4
296,53,3
296,50,4
296,30,4
296,51,2
296,44,4
296,70,3
296,6,4
296,57,5
296,95,2
296,36,5
296,83,3
296,22,1
297,32,4
297,91,5
297,75,3
297,57,3
297,11,1
297,69,4
297,78,3
297,42,2
297,52,5
297,76,4
297,6,3
298,33,5
298,99,3
298,12,4
298,20,3
298,40,2
298,53,2
298,87,5
298,22,3
298,8,5
298,79,5
299,26,4
299,31,4
299,97,5
299,77,3
299,76,3
299,64,4
300,62,4
300,4,4
300,53,2
300,82,5
300,30,4
300,3,2
300,35,4
301,11,5
301,82,1
301,65,5
301,27,4
301,19,4
301,48,5
301,70,3
301,22,3
301,32,4
301,69,4
301,55,4
301,72,1
301,58,4
301,6,4
301,1,3
301,60,3
301,80,2
301,38,2
301,84,4
302,56,3
302,27,5
302,79,3
302,65,4
302,41,4
302,88,1
302,44,4
302,82,4
302,34,1
302,97,4
302,91,5
302,58,4
302,35,4
303,98,3
303,51,3
303,69,1
303,11,4
303,84,5
303,10,4
303,4,4
303,86,3
303,57,5
303,87,4
303,16,5
303,46,3
303,49,5
303,77,5
303,50,1
303,23,4
303,99,4
303,90,4
303,2,1
303,60,5
304,15,4
304,36,2
304,73,5
304,65,5
304,64,5
304,22,4
304,71,3
304,25,5
304,85,1
304,95,5
304,87,4
304,88,4
304,78,4
304,23,5
304,9,1
304,76,4
304,17,4
305,42,4
305,56,4
305,53,4
305,36,1
305,16,4
305,88,1
306,69,3
306,58,2
306,41,4
306,1,1
306,51,4
306,25,1
306,43,5
306,11,5
306,74,5
306,4,3
306,95,4
306,29,5
306,89,5
306,55,5
306,10,4
306,32,3
306,26,2
306,22,4
307,98,4
307,13,4
307,81,3
307,58,3
307,75,2
307,16,5
307,11,3
307,8,4
307,5,4
307,49,1
307,41,3
307,89,5
307,9,5
307,17,4
307,57,3
307,39,5
307,79,5
307,56,4
307,14,3
308,14,3
308,2,4
308,77,4
308,92,4
308,9,3
308,76,5
308,25,2
308,74,3
308,17,4
308,82,5
308,66,5
309,75,4
309,70,2
309,100,4
309,19,5
309,61,5
309,40,4
309,78,3
309,44,3
309,38,5
309,48,5
309,2,3
309,67,4
309,76,4
309,85,5
310,75,3
310,73,4
310,43,3
310,79,4
310,39,5
310,54,3
310,21,4
310,14,3
310,59,3
310,6,5
310,64,3
310,29,2
310,1,1
310,82,2
310,89,3
311,81,4
311,75,3
311,98,4
311,47,3
311,6,1
311,4,5
311,26,5
311,37,1
311,23,4
311,29,3
311,34,5
312,44,5
312,27,5
312,40,5
312,59,5
312,31,5
312,48,2
312,85,2
312,22,5
313,25,5
313,69,4
313,49,5
313,89,3
313,48,2
313,41,3
313,77,4
313,55,3
313,82,2
313,32,4
313,6,4
314,27,4
314,94,4
314,11,4
314,61,3
314,85,4
314,79,5
314,9,4
314,22,1
314,66,3
314,50,3
314,97,5
314,83,3
314,48,3
314,64,5
314,67,4
314,60,5
314,23,3
314,42,4
314,92,2
314,68,2
315,67,3
315,46,3
315,30,4
315,75,3
315,6,2
315,60,5
315,66,4
315,80,4
315,44,5
315,55,5
315,58,2
315,56,2
315,53,1
315,48,3
315,64,3
315,41,3
315,35,3
315,49,5
315,4,4
316,25,5
316,91,5
316,78,4
316,18,4
316,97,4
316,92,4
316,95,4
316,70,4
316,34,5
316,2,2
316,99,3
316,39,3
316,37,4
317,30,3
317,67,4
317,76,2
317,71,5
317,97,1
317,60,5
317,93,5
317,44,3
317,11,4
317,41,4
317,25,4
317,55,5
317,99,4
317,90,3
317,54,1
317,27,5
317,57,5
317,58,3
317,72,5
317,4,3
318,49,4
318,27,1
318,51,4
318,9,4
318,69,3
318,50,2
318,25,5
318,61,3
318,14,3
318,43,4
318,73,2
318,58,2
318,82,4
318,39,3
318,12,5
318,22,4
318,87,3
319,17,2
319,69,3
319,54,4
319,62,4
319,96,4
319,9,4
319,50,5
319,27,4
320,36,3
320,26,5
320,1,4
320,19,4
320,58,4
320,9,3
320,52,4
320,78,5
320,32,3
320,68,3
320,43,5
320,73,4
320,63,4
320,59,5
320,60,3
320,74,4
320,6,3
320,95,5
320,12,3
321,36,4
321,81,5
321,69,2
321,38,3
321,86,5
321,9,4
321,90,5
321,93,4
321,28,3
321,64,3
322,60,4
322,4,3
322,10,4
322,82,5
322,89,3
322,87,1
323,91,2
323,18,4
323,42,4
323,86,4
323,96,4
323,60,3
323,63,3
323,9,5
324,23,4
324,38,1
324,16,3
324,69,4
324,95,3
324,51,4
324,22,5
324,10,4
325,90,5
325,7,3
325,82,1
325,67,1
325,83,1
325,85,5
325,92,4
325,14,2
325,50,5
325,89,2
325,40,5
325,57,4
325,77,4
325,1,1
325,99,4
325,49,5
325,26,3
325,32,4
325,48,4
326,55,5
326,16,4
326,30,3
326,28,2
326,14,3
326,46,3
326,42,4
326,23,5
326,2,2
326,52,4
326,84,5
326,41,5
326,50,3
326,59,5
326,29,4
326,9,5
326,85,4
327,43,3
327,23,4
327,82,4
327,98,3
327,89,4
327,41,3
327,86,4
327,62,5
327,9,3
328,40,2
328,31,3
328,95,3
328,55,3
328,97,3
328,32,1
328,80,5
328,11,4
329,95,2
329,43,5
329,18,5
329,36,5
329,41,4
329,83,3
329,98,5
329,6,4
329,67,3
329,54,4
329,37,2
329,97,4
329,4,5
329,30,2
329,94,5
329,44,5
329,32,2
329,27,3
329,70,4
330,31,4
330,65,3
330,11,4
330,55,5
330,93,3
330,60,5
330,40,4
330,22,5
330,26,3
330,32,3
330,23,4
331,65,3
331,79,3
331,95,3
331,56,4
331,98,4
331,20,3
331,62,4
331,3,3
331,49,5
331,55,1
331,11,5
331,39,4
331,77,3
331,69,4
331,71,4
331,94,3
331,23,4
331,33,3
332,83,5
332,76,4
332,10,4
332,53,4
332,5,4
332,16,4
332,50,4
332,73,5
332,21,4
332,25,3
332,98,1
332,56,5
332,33,4
332,99,4
333,34,5
333,78,1
333,59,5
333,88,4
333,19,5
333,33,3
333,32,4
333,75,5
333,85,4
334,55,4
334,22,5
334,33,5
334,89,5
334,39,2
334,65,4
334,69,5
334,85,5
334,49,3
334,76,3
334,40,4
335,1,3
335,22,4
335,63,3
335,13,3
335,9,5
335,100,4
335,90,5
335,54,3
335,68,2
335,84,3
335,37,5
335,94,3
335,56,5
335,23,4
336,82,3
336,22,4
336,11,4
336,38,4
336,49,2
336,16,2
336,36,5
336,9,1
337,13,4
337,28,5
337,67,3
337,1,4
337,49,5
337,78,4
338,48,4
338,88,4
338,44,4
338,41,5
338,31,2
338,47,4
338,86,5
338,52,3
338,49,4
338,79,5
338,8,3
338,46,4
338,43,4
338,13,4
338,1,4
339,1,4
339,82,4
339,42,5
339,3,3
339,47,5
339,6,5
339,95,4
339,87,4
339,57,4
339,30,2
339,78,3
340,92,5
340,19,5
340,67,4
340,74,5
340,65,5
340,5,4
340,17,4
340,64,3
340,12,3
340,39,5
340,87,4
341,56,3
341,92,3
341,4,4
341,21,5
341,42,2
341,50,2
341,99,4
341,36,4
342,89,4
342,43,3
342,29,4
342,74,4
342,99,3
342,77,4
342,9,4
343,30,2
343,29,4
343,34,5
343,15,5
343,38,3
343,12,3
343,44,4
343,95,5
343,76,4
343,25,4
343,96,3
343,74,3
343,48,4
343,17,4
343,41,2
343,49,5
343,1,5
343,40,4
344,19,3
344,77,5
344,37,2
344,96,5
344,86,3
344,90,4
344,5,5
344,41,5
344,40,3
344,65,4
344,89,5
344,16,5
344,36,5
344,91,4
344,74,3
344,62,5
344,81,5
344,28,3
344,64,1
345,44,5
345,55,4
345,87,5
345,61,5
345,45,4
345,97,4
345,51,3
345,10,2
345,68,4
345,94,3
345,37,2
345,90,3
345,25,4
345,71,4
345,13,1
345,17,4
345,42,4
346,49,5
346,55,2
346,87,4
346,22,3
346,8,4
346,13,2
346,46,4
346,61,3
346,23,2
347,63,1
347,39,2
347,89,2
347,77,4
347,23,5
347,84,3
347,96,4
347,49,5
347,100,4
347,86,4
347,85,2
347,12,4
347,60,3
347,36,5
347,81,4
347,57,3
347,48,2
348,9,5
348,92,3
348,69,4
348,24,2
348,52,5
348,90,4
348,3,1
348,51,4
348,72,3
348,68,1
348,63,4
348,67,4
348,75,2
348,84,3
348,16,5
349,16,5
349,65,4
349,39,3
349,47,1
349,70,5
349,22,5
349,55,3
350,18,5
350,74,3
350,63,2
350,89,4
350,41,4
350,67,3
350,46,4
350,78,4
350,69,4
350,66,3
350,27,4
350,13,3
350,85,4
350,6,5
350,31,4
350,5,5
350,25,2
350,19,3
350,39,4
351,82,3
351,90,5
351,83,3
351,25,5
351,92,3
351,48,3
351,73,4
351,85,4
351,66,4
351,78,3
351,21,2
351,54,5
351,20,5
352,29,4
352,36,3
352,2,5
352,13,4
352,49,4
352,14,4
352,16,5
352,23,4
352,68,4
353,22,5
353,41,4
353,97,5
353,50,4
353,24,5
353,45,4
354,34,3
354,2,4
354,88,2
354,66,4
354,92,5
354,20,4
354,85,3
354,17,4
354,19,4
355,57,3
355,46,5
355,60,5
355,65,4
355,37,3
355,36,2
355,55,2
355,67,4
355,92,5
355,30,3
356,11,5
356,96,4
356,37,4
356,71,4
356,64,4
356,2,4
357,52,4
357,2,4
357,79,3
357,25,4
357,96,5
357,1,5
357,92,5
357,55,4
358,78,5
358,58,3
358,22,3
358,87,2
358,98,3
358,68,2
359,49,3
359,22,3
359,48,5
359,15,4
359,44,5
359,87,1
359,32,4
359,70,4
359,99,4
359,16,3
359,38,4
359,39,3
359,62,3
359,34,1
359,28,5
359,1,3
359,95,3
359,81,2
359,73,4
359,51,2
360,53,4
360,16,3
360,63,3
360,1,5
360,20,4
360,99,3
360,85,5
360,33,4
360,29,4
361,46,1
361,96,3
361,56,4
361,1,5
361,91,3
361,26,3
361,15,4
361,25,4
361,37,3
362,63,2
362,71,3
362,64,1
362,88,4
362,92,2
362,17,5
362,42,4
362,97,4
362,98,1
362,100,4
362,52,3
362,65,2
362,93,4
362,95,4
362,50,4
362,15,3
362,14,3
362,3,2
363,90,5
363,32,4
363,86,4
363,55,3
363,26,2
363,61,1
363,91,5
363,14,5
363,94,4
363,65,4
363,79,2
363,24,2
363,25,4
364,90,3
364,82,5
364,30,4
364,29,3
364,44,5
364,55,3
364,62,1
364,8,4
364,66,3
364,83,3
364,7,3
364,39,4
364,15,4
364,35,3
365,47,3
365,43,4
365,39,2
365,15,2
365,13,4
365,86,4
365,2,1
365,88,5
365,71,5
365,99,5
365,17,3
365,95,4
365,96,2
365,100,5
365,76,4
365,68,3
365,78,4
365,48,5
365,31,4
365,84,3
366,25,4
366,54,4
366,71,5
366,92,2
366,33,4
366,98,5
366,72,4
366,45,1
366,47,4
367,38,4
367,6,5
367,73,5
367,8,3
367,89,5
367,25,3
367,95,5
367,51,4
367,64,3
368,1,4
368,21,4
368,74,3
368,28,3
368,76,4
368,90,4
368,2,3
368,66,1
368,59,3
368,65,1
369,36,1
369,18,3
369,35,4
369,7,3
369,83,2
369,32,4
369,27,4
369,69,4
369,15,4
370,42,5
370,8,4
370,81,4
370,2,4
370,46,5
370,29,3
370,94,4
370,36,4
370,23,3
370,33,4
370,3,3
370,69,3
370,85,4
370,100,5
371,20,5
371,58,3
371,30,3
371,94,3
371,93,5
371,56,5
371,48,4
371,19,3
371,62,2
371,12,4
371,64,4
371,24,4
371,59,4
371,23,4
371,25,2
371,73,5
371,63,1
372,49,2
372,50,5
372,3,3
372,15,5
372,2,4
372,98,5
372,83,1
372,6,5
373,91,4
373,11,4
373,26,2
373,18,5
373,62,2
373,98,3
373,73,4
373,57,5
373,21,2
373,40,5
373,43,1
373,20,4
373,32,2
373,8,4
373,70,3
374,88,3
374,92,4
374,15,3
374,63,3
374,22,4
374,29,5
374,14,4
374,37,4
374,46,3
374,10,5
374,79,3
374,43,4
374,16,3
374,47,3
374,11,5
374,6,5
374,78,5
375,100,2
375,84,4
375,19,4
375,41,2
375,50,3
375,58,2
375,93,5
375,62,3
375,9,4
376,89,4
376,53,4
376,78,4
376,82,3
376,43,1
376,18,5
376,84,1
376,32,4
376,50,5
376,54,5
376,71,2
376,64,3
376,69,5
376,30,5
376,11,5
376,75,3
376,92,2
376,68,5
376,74,5
376,100,5
377,27,4
377,29,4
377,8,2
377,96,2
377,18,4
377,16,4
377,90,4
377,91,3
377,19,2
377,49,2
377,94,3
377,4,1
378,20,3
378,98,5
378,24,1
378,61,5
378,96,4
378,18,1
378,68,5
378,90,4
378,39,5
378,53,4
378,93,5
378,44,5
378,57,4
378,83,4
378,89,4
378,2,3
378,37,5
378,15,4
379,96,4
379,28,2
379,52,4
379,80,4
379,8,4
379,29,4
379,51,3
379,24,2
379,72,3
380,25,5
380,35,3
380,14,3
380,10,5
380,47,3
380,78,2
380,100,4
380,43,1
380,4,5
380,31,4
380,37,1
380,21,2
380,70,3
380,9,5
380,28,5
380,77,5
380,2,4
380,97,3
381,93,3
381,46,3
381,17,4
381,90,5
381,87,2
381,13,4
381,43,5
381,53,5
381,95,4
381,65,5
381,100,3
381,20,5
381,4,4
381,76,4
381,49,4
381,62,5
381,5,3
382,44,3
382,38,3
382,47,4
382,80,2
382,56,3
382,6,4
382,92,4
382,100,5
382,88,2
383,71,2
383,12,3
383,64,5
383,13,3
383,59,4
383,41,3
383,22,5
383,38,4
383,21,2
383,9,2
383,36,4
383,74,1
383,47,5
383,46,4
384,57,4
384,47,3
384,66,5
384,80,4
384,41,4
384,48,4
384,11,4
384,88,3
384,53,5
385,20,4
385,14,5
385,38,3
385,49,5
385,21,4
386,60,5
386,83,4
386,69,4
386,14,4
386,11,3
386,24,1
386,94,3
386,51,4
386,99,4
386,56,3
386,26,1
386,52,4
386,43,3
386,9,5
386,41,3
386,44,4
387,28,3
387,7,5
387,3,3
387,98,2
387,88,5
387,55,4
387,35,5
387,33,3
387,82,3
387,23,5
387,11,4
387,19,4
387,9,5
387,36,5
387,52,4
387,39,5
387,92,4
387,58,5
387,54,4
387,68,5
388,10,1
388,93,5
388,86,5
388,75,4
388,79,3
388,19,5
388,42,4
388,94,3
388,96,4
388,95,5
388,41,5
389,82,4
389,58,5
389,75,4
389,13,3
389,5,3
389,28,3
389,96,4
389,25,5
389,54,3
390,3,2
390,39,3
390,40,4
390,65,3
390,16,4
390,90,4
390,64,3
390,84,5
390,59,4
390,53,4
390,46,3
390,70,4
390,55,5
390,67,5
390,98,5
390,43,5
391,12,5
391,84,5
391,3,2
391,79,4
391,53,4
391,14,1
391,64,3
391,96,4
392,100,4
392,59,4
392,71,1
392,49,3
392,15,3
392,26,3
392,61,5
392,16,3
392,45,5
392,60,5
392,53,4
392,83,3
393,5,4
393,2,5
393,4,5
393,20,4
393,48,2
393,67,4
393,95,5
393,77,3
393,41,5
393,43,4
393,22,4
393,74,2
393,56,5
393,31,4
393,72,4
393,51,5
393,25,5
393,79,4
394,71,4
394,21,5
394,42,2
394,27,3
394,12,4
394,4,2
394,56,4
394,2,4
394,81,3
394,99,3
394,76,5
394,20,3
394,80,4
395,93,4
395,100,4
395,49,2
395,99,4
395,34,4
395,85,2
395,7,3
395,36,5
395,11,2
395,19,4
395,81,3
395,3,5
396,13,5
396,63,4
396,3,4
396,53,5
396,10,2
396,81,3
396,27,3
396,88,5
396,54,4
396,49,1
396,41,4
396,82,3
396,58,2
396,21,4
396,24,4
396,39,4
396,2,5
397,47,3
397,15,4
397,28,5
397,4,3
397,42,4
397,18,3
397,29,4
397,11,4
397,94,4
397,89,3
397,17,3
398,26,3
398,88,3
398,92,4
398,36,4
398,51,4
398,14,4
398,75,3
398,99,3
398,76,2
398,40,3
399,73,4
399,46,4
399,48,5
399,81,5
399,9,4
399,58,3
399,22,2
399,5,5
399,66,4
399,33,3
399,76,3
400,85,4
400,48,5
400,19,5
400,100,4
400,41,3
400,16,4
400,2,4
400,89,2
400,92,3
400,43,4
400,28,5
401,74,5
401,83,3
401,54,1
401,88,4
401,97,1
401,56,3
401,41,2
402,22,4
402,77,2
402,42,2
402,76,5
402,50,4
402,31,3
402,74,5
402,3,4
402,37,4
402,83,3
402,1,4
402,60,3
402,17,4
402,52,4
402,5,5
402,69,5
402,68,2
402,6,3
402,44,4
403,29,5
403,7,5
403,2,4
403,18,3
403,14,2
404,69,4
404,1,2
404,89,3
404,7,2
404,34,4
404,6,5
404,15,5
404,39,4
404,10,4
404,43,4
404,79,3
404,49,4
404,35,4
404,90,3
404,22,5
404,18,4
405,34,5
405,99,3
405,38,4
405,92,5
405,11,4
405,46,2
405,72,4
406,2,5
406,86,4
406,28,3
406,60,5
406,50,4
406,25,4
406,63,5
406,14,2
406,44,2
406,27,5
406,76,3
407,80,3
407,66,5
407,26,3
407,100,1
407,52,4
407,25,4
407,9,3
407,36,5
407,55,2
407,22,4
407,88,3
407,40,4
407,74,4
407,83,2
407,14,3
407,19,2
407,60,4
407,96,4
407,15,4
408,25,3
408,52,2
408,23,2
408,77,5
408,36,4
408,68,3
408,78,4
408,64,3
408,67,5
408,56,4
408,14,4
408,88,3
408,7,3
408,83,5
409,64,5
409,27,4
409,22,4
409,45,5
409,82,4
409,37,3
409,91,4
409,77,3
409,94,3
409,1,4
409,13,5
409,24,4
409,65,4
410,23,5
410,34,1
410,10,3
410,22,4
410,87,1
411,61,2
411,15,2
411,6,3
411,3,4
411,73,4
411,88,4
411,38,5
411,30,3
411,68,4
411,65,3
411,22,1
411,97,3
412,67,4
412,100,3
412,85,4
412,77,5
412,62,3
412,15,4
412,35,3
412,88,5
412,94,4
412,82,5
412,3,5
412,19,4
412,53,5
412,29,4
412,46,5
413,34,1
413,87,4
413,45,3
413,43,4
413,51,4
413,76,4
413,54,5
413,36,5
413,40,3
413,25,5
414,88,2
414,19,3
414,60,4
414,20,4
414,67,1
414,38,3
414,80,3
414,72,3
414,86,5
414,21,4
414,39,5
414,63,3
414,37,2
414,9,3
414,2,5
414,59,3
414,6,4
414,28,2
414,76,3
414,16,4
415,32,2
415,87,5
415,82,3
415,50,4
415,55,3
415,52,3
415,13,3
415,34,5
415,39,4
415,77,3
415,40,5
415,23,5
415,73,2
415,56,4
415,42,4
415,75,4
416,60,3
416,46,4
416,55,5
416,54,5
416,53,2
416,4,5
416,72,2
416,99,4
416,12,4
416,97,5
416,18,4
416,79,5
416,39,2
416,32,3
416,75,5
416,66,2
417,38,4
417,73,4
417,62,4
417,89,4
417,43,4
417,8,4
417,16,5
417,95,2
418,39,2
418,81,1
418,40,4
418,93,2
418,1,2
418,63,3
418,80,4
418,89,5
418,26,4
419,16,5
419,39,4
419,52,5
419,62,4
419,24,5
419,31,4
420,19,5
420,82,4
420,3,4
420,24,3
420,96,4
420,85,2
420,31,4
420,22,4
420,66,1
420,95,4
420,90,4
420,70,1
420,26,3
420,61,4
420,62,5
420,38,4
420,86,1
420,13,5
421,60,3
421,93,4
421,59,3
421,36,2
421,2,4
421,21,3
421,46,4
421,65,3
421,27,4
422,36,5
422,98,4
422,85,3
422,39,4
422,51,4
422,9,4
422,83,3
422,62,4
422,49,4
423,75,5
423,80,5
423,52,5
423,9,4
423,6,3
423,4,5
423,94,3
423,21,5
423,30,5
423,13,4
423,86,2
423,14,4
423,64,2
423,87,5
423,61,2
423,42,5
424,23,3
424,42,5
424,14,4
424,90,3
424,58,3
425,87,3
425,37,4
425,29,4
425,26,2
425,95,3
425,21,4
425,56,5
425,68,4
425,25,4
425,12,5
425,75,4
425,4,4
425,81,3
425,86,4
425,13,4
425,27,2
425,5,2
425,18,4
425,1,3
426,73,4
426,11,2
426,17,4
426,67,1
426,39,5
426,13,3
426,16,5
427,91,4
427,46,2
427,9,4
427,21,5
427,37,3
427,10,1
427,69,3
427,74,3
427,31,3
427,67,5
427,79,2
427,65,4
427,40,4
427,52,5
427,80,4
427,8,5
427,70,3
428,73,5
428,79,4
428,90,4
428,98,2
428,5,4
428,45,5
428,10,3
429,14,3
429,5,4
429,64,5
429,65,5
429,29,3
429,84,5
430,100,4
430,26,4
430,69,4
430,78,2
430,49,5
431,56,5
431,90,3
431,55,3
431,71,4
431,18,2
431,15,3
431,57,4
431,16,3
431,79,4
432,2,4
432,93,3
432,32,3
432,8,4
432,10,5
432,17,5
433,78,4
433,51,4
433,62,3
433,85,5
433,16,3
433,10,4
433,33,5
433,70,5
433,27,3
434,68,4
434,35,2
434,41,5
434,90,5
434,70,4
434,65,3
434,14,4
434,7,2
434,45,4
434,53,5
434,91,1
434,80,3
435,84,3
435,98,3
435,59,4
435,15,2
435,3,3
435,64,4
435,5,3
435,35,1
435,36,4
435,76,5
435,50,5
435,39,5
435,11,5
435,8,4
435,79,5
435,49,3
435,57,5
435,6,4
435,29,4
436,14,5
436,71,5
436,50,4
436,93,4
436,87,4
436,37,4
437,49,5
437,60,3
437,96,4
437,31,1
437,17,3
437,2,3
437,36,3
437,88,4
437,11,5
437,32,1
438,73,3
438,85,2
438,42,5
438,34,3
438,23,4
438,57,3
438,60,2
438,3,3
438,2,5
438,5,3
438,46,5
438,62,2
438,82,4
438,72,2
439,30,4
439,15,4
439,84,3
439,5,4
439,24,3
439,88,5
440,33,4
440,3,4
440,87,3
440,46,3
440,70,3
440,92,5
440,6,4
440,77,4
440,31,5
440,45,2
440,14,3
440,10,5
440,65,3
441,84,4
441,48,4
441,61,3
441,38,3
441,80,5
441,4,1
441,21,4
441,6,3
441,20,5
441,76,2
441,14,2
441,78,5
441,28,3
441,41,4
441,66,4
441,92,4
441,100,4
441,95,4
442,78,3
442,61,3
442,85,4
442,68,5
442,67,3
442,57,5
443,30,5
443,59,4
443,41,4
443,96,4
443,15,4
443,89,4
443,31,5
443,57,2
443,94,4
443,53,5
443,47,4
443,11,4
443,46,2
443,72,3
443,65,3
443,10,3
444,53,5
444,54,3
444,65,3
444,19,4
444,74,3
444,64,4
444,81,5
445,96,2
445,13,5
445,17,5
445,5,4
445,56,4
445,4,5
445,89,1
445,22,4
445,10,3
445,66,4
445,68,4
445,50,4
445,55,5
445,46,3
445,52,4
445,90,2
445,72,3
445,31,5
445,92,5
445,38,5
446,20,3
446,1,4
446,76,4
446,48,4
446,87,5
446,84,2
446,59,3
447,7,5
447,73,4
447,67,5
447,68,3
447,75,4
447,66,4
447,55,4
447,37,2
447,42,3
447,50,2
447,41,3
447,97,4
447,23,5
447,19,3
447,6,5
448,30,5
448,86,1
448,36,5
448,19,5
448,13,4
448,27,5
448,71,1
448,66,5
449,48,4
449,27,4
449,37,5
449,74,3
449,55,2
450,57,4
450,56,5
450,64,5
450,34,4
450,12,3
450,18,2
450,36,3
450,94,3
451,81,2
451,95,3
451,66,5
451,87,4
451,100,3
451,10,3
451,91,5
451,89,4
451,41,3
451,5,3
451,56,5
451,13,5
451,67,5
451,25,4
451,72,1
451,85,2
451,82,4
451,2,3
451,32,3
452,89,4
452,34,4
452,79,4
452,49,4
452,81,3
452,75,3
452,31,5
452,82,5
452,45,5
452,62,4
452,68,4
452,85,3
452,24,4
452,39,3
452,30,5
452,38,4
452,86,3
452,63,3
453,100,3
453,62,3
453,63,5
453,77,4
453,53,4
453,88,3
453,31,4
453,4,4
453,38,5
454,52,4
454,34,5
454,7,4
454,35,3
454,63,4
454,94,1
454,29,4
454,44,5
454,82,2
454,6,4
454,40,5
454,58,5
454,53,4
454,74,4
454,22,4
454,69,3
454,27,3
454,100,3
455,92,4
455,30,5
455,38,1
455,21,3
455,48,1
455,43,4
455,53,4
455,28,1
455,71,4
455,94,5
455,32,3
455,2,4
455,5,5
455,3,5
455,97,5
455,68,2
455,14,4
456,3,3
456,2,3
456,96,4
456,70,4
456,78,3
456,20,2
456,13,5
456,95,4
456,76,4
456,51,5
456,25,4
456,40,3
456,42,1
456,55,4
456,66,3
456,39,3
456,36,4
456,59,2
457,74,3
457,4,5
457,51,5
457,99,2
457,30,3
457,58,5
457,48,4
457,62,3
457,73,2
457,14,4
457,83,4
457,40,4
458,8,4
458,99,4
458,64,1
458,33,4
458,53,5
458,40,5
458,95,4
458,44,3
458,20,4
458,5,3
458,42,4
458,89,4
459,14,1
459,55,4
459,90,2
459,10,3
459,49,5
459,17,2
459,97,5
460,22,4
460,81,3
460,68,3
460,63,4
460,18,5
460,96,5
460,71,3
460,54,4
460,52,4
460,2,3
460,38,3
460,16,4
460,56,5
460,93,5
460,87,3
460,35,4
460,67,4
460,42,3
460,79,3
460,48,4
461,40,2
461,90,4
461,25,2
461,26,4
461,89,4
462,45,3
462,82,5
462,72,5
462,29,4
462,81,3
462,2,4
462,25,4
463,72,3
463,70,2
463,83,5
463,85,4
463,26,5
463,10,3
463,76,5
463,20,4
463,14,3
463,94,5
463,28,5
463,36,4
463,23,4
464,1,5
464,30,2
464,28,4
464,12,4
464,79,4
464,19,3
464,22,4
464,61,2
464,42,4
464,10,3
465,91,4
465,61,4
465,46,3
465,40,2
465,67,5
465,41,4
465,68,3
465,11,5
465,78,5
465,28,5
465,22,3
465,82,4
465,36,4
465,92,5
465,19,5
465,56,3
465,72,3
466,26,1
466,57,3
466,47,2
466,68,3
466,25,3
467,78,4
467,35,3
467,5,5
467,83,4
467,36,3
468,74,4
468,4,3
468,92,4
468,61,4
468,78,4
468,81,2
469,4,5
469,79,3
469,92,5
469,20,4
469,91,4
469,95,3
469,23,4
469,17,5
469,11,5
469,54,3
469,16,5
469,8,4
469,57,3
469,82,1
469,41,4
469,13,4
470,9,3
470,25,3
470,98,1
470,65,4
470,19,4
470,94,4
471,40,3
471,36,4
471,72,4
471,45,4
471,16,4
472,12,3
472,24,1
472,94,4
472,41,4
472,76,5
472,81,5
472,3,3
472,99,4
473,96,2
473,97,3
473,95,3
473,17,3
473,40,5
473,7,3
473,49,3
473,91,4
473,37,3
473,23,4
473,36,4
474,99,3
474,83,5
474,67,5
474,58,3
474,81,4
474,88,4
474,22,5
474,5,5
474,75,2
474,50,5
474,20,3
474,69,4
474,73,1
474,27,2
474,90,4
474,56,3
475,60,2
475,76,3
475,42,5
475,48,3
475,73,4
475,49,3
475,85,5
475,5,3
475,90,3
476,60,4
476,70,4
476,24,4
476,97,3
476,3,4
476,57,4
476,79,4
476,59,4
476,76,1
476,74,5
477,98,4
477,65,5
477,14,5
477,54,5
477,55,5
477,100,3
477,35,5
477,74,5
477,52,2
477,76,3
477,4,5
477,21,5
478,99,3
478,19,3
478,45,2
478,59,3
478,51,4
478,22,5
478,1,3
478,85,4
478,26,3
478,23,4
478,39,4
478,40,4
478,11,5
478,24,4
479,91,3
479,32,4
479,98,5
479,13,1
479,50,5
479,17,3
479,41,3
479,18,3
479,52,4
479,99,1
479,42,4
479,37,3
479,87,2
479,94,3
479,55,4
479,77,1
479,51,3
479,69,2
479,10,3
480,55,3
480,20,3
480,37,4
480,40,2
480,50,5
480,87,3
480,62,4
480,5,4
480,34,4
480,54,5
481,41,5
481,17,4
481,74,5
481,65,3
481,50,3
481,88,4
481,59,4
481,2,5
481,63,4
481,84,3
482,92,4
482,43,4
482,69,1
482,47,3
482,15,2
482,23,4
482,55,3
482,98,5
482,50,4
482,87,3
482,11,3
482,20,3
482,1,5
482,44,4
482,91,3
482,76,3
482,34,1
482,26,3
482,66,4
482,79,4
483,94,5
483,5,4
483,69,3
483,95,5
483,51,5
483,32,4
483,23,4
483,11,4
483,13,2
483,17,3
483,19,2
483,82,5
483,64,4
483,56,5
483,36,3
483,45,5
484,44,3
484,82,4
484,96,4
484,39,4
484,55,2
484,52,5
484,3,5
485,74,3
485,34,5
485,39,3
485,79,4
485,66,3
485,70,4
485,32,1
485,89,3
485,7,3
485,48,3
485,61,1
486,3,3
486,54,1
486,85,3
486,17,2
486,36,3
486,35,4
486,60,5
486,77,4
486,82,4
486,41,3
486,13,3
487,44,4
487,41,4
487,45,3
487,57,4
487,20,4
488,52,3
488,5,5
488,85,4
488,74,4
488,11,3
488,81,4
488,63,4
488,72,4
488,45,4
488,27,5
488,96,5
488,68,3
488,48,4
489,49,5
489,69,5
489,17,5
489,78,5
489,16,4
489,13,3
489,51,3
489,28,5
489,15,3
489,74,5
489,38,4
489,23,4
490,65,4
490,69,3
490,51,5
490,29,3
490,52,4
490,64,5
490,97,4
490,60,4
490,37,4
490,58,2
490,21,4
490,23,5
490,1,4
490,43,4
490,98,5
491,79,4
491,32,3
491,22,5
491,73,4
491,81,4
491,61,3
491,88,4
491,12,4
491,48,3
491,3,2
491,96,2
491,77,1
491,84,4
491,50,4
491,71,4
492,31,5
492,23,5
492,60,2
492,65,4
492,83,3
492,15,4
492,78,2
492,43,5
492,21,4
492,32,4
492,93,1
492,9,4
492,1,4
492,96,3
492,5,3
492,88,5
492,87,5
492,53,3
492,67,4
493,55,3
493,16,4
493,14,4
493,19,4
493,34,5
493,98,5
493,75,3
493,97,4
493,15,3
493,93,4
493,22,3
493,47,3
493,53,1
493,85,2
493,44,4
493,32,1
493,62,5
493,27,4
493,13,4
494,92,4
494,21,5
494,73,3
494,82,3
494,40,5
494,61,4
494,57,2
494,87,1
494,38,3
494,20,4
494,96,5
494,89,4
494,17,4
494,19,5
495,83,3
495,20,3
495,76,3
495,65,3
495,41,5
495,67,5
495,48,4
495,49,3
495,63,4
495,22,5
495,68,5
495,62,5
495,23,5
495,2,5
495,86,4
495,9,3
496,47,5
496,86,5
496,5,4
496,52,2
496,81,5
496,13,4
496,43,4
496,65,3
496,9,5
496,35,3
496,71,5
497,30,3
497,89,5
497,92,2
497,59,5
497,23,4
497,6,2
497,78,3
497,35,4
497,71,4
497,36,4
497,12,4
497,96,5
498,82,4
498,10,4
498,26,5
498,62,2
498,15,5
498,57,5
498,11,3
498,61,5
498,13,4
498,70,4
498,76,1
498,28,5
498,77,4
498,63,4
498,39,3
499,66,3
499,37,5
499,83,4
499,39,3
499,34,2
499,69,4
499,32,3
499,44,5
499,36,4
499,87,4
499,72,4
499,65,3
499,40,5
499,81,5
499,57,3
499,15,4
499,97,3
499,24,4
499,63,2
499,1,3
500,74,3
500,87,5
500,20,5
500,42,4
500,21,5
500,25,5
500,99,3
500,51,5
500,22,4
500,79,5
500,85,3
